provinceID,provinceName,cityID,cityName,precipitation,waterSupply,totalWaterResources,hostPop,stayPop,ConsummerSupply
110000,北京市,110000,北京市,5590.11745616152,115852,354573,1376,1368,58725
120000,天津市,120000,天津市,6529.53430988434,73468,175800,1082,1066,29586
130000,河北省,130100,石家庄市,6163.85401072609,19111,160795,-1,-1,-1
130000,河北省,130200,唐山市,6720.10702515266,13020,215500,982,419,10420
130000,河北省,130300,秦皇岛市,6479.59944769396,8752,145600,758,334,6111
130000,河北省,130400,邯郸市,6717.0136198501,9574,78500,300,145,4056
130000,河北省,130500,邢台市,5902.19914254153,5449,124600,1058,372,6576
130000,河北省,130600,保定市,5340.20909053554,9142,254300,797,90,1841
130000,河北省,130700,张家口市,4999.68389614061,4926,149100,1208,286,1820
130000,河北省,130800,承德市,5635.94146666061,4130,317400,465,77,2780
130000,河北省,130900,沧州市,6344.3126558164,4147,87000,382,60,1888
130000,河北省,131000,廊坊市,5932.33801728891,5153,80400,783,57,2068
130000,河北省,131100,衡水市,5678.73877248,3013,48900,479,87,2088
140000,山西省,140100,太原市,5134.27899248985,-1,-1,456,98,1785
140000,山西省,140200,大同市,5658.18060898157,-1,106000,-1,-1,-1
140000,山西省,140300,阳泉市,5561.46468783371,3753,50600,377,290,-1
140000,山西省,140400,长治市,6493.9484359614,5150,139002,318,177,-1
140000,山西省,140500,晋城市,6616.91874639637,3141,-1,132,70,1639
140000,山西省,140600,朔州市,5844.64564063271,1530,-1,339,75,3663
140000,山西省,140700,晋中市,5615.40315175915,2995,175667,221,39,1629
140000,山西省,140800,运城市,5858.18974086667,4473,132286,163,68,893
140000,山西省,140900,忻州市,5894.1413835922,1282,220100,334,63,1991
140000,山西省,141000,临汾市,5720.95647175563,2322,101556,513,-1,2045
140000,山西省,141100,吕梁市,6052.6096045703,1297,187657,308,55,785
150000,内蒙古自治区,150100,呼和浩特市,5700.28942836291,12005,114636,433,82,1733
150000,内蒙古自治区,150200,包头市,4938.07139916336,15018,72600,394,34,848
150000,内蒙古自治区,150300,乌海市,3940.60882486811,6123,-1,-1,-1,-1
150000,内蒙古自治区,150400,赤峰市,5218.96364106273,5635,-1,246,136,4754
150000,内蒙古自治区,150500,通辽市,5302.38886017103,-1,354854,224,156,4091
150000,内蒙古自治区,150600,鄂尔多斯市,5169.88540709482,2922,292200,44,56,1548
150000,内蒙古自治区,150700,呼伦贝尔市,5153.00290440679,1797,3161937,459,127,2827
150000,内蒙古自治区,150800,巴彦淖尔市,4283.99106840696,1894,561200,316,84,1328
150000,内蒙古自治区,150900,乌兰察布市,6019.46523494809,1646,92488,162,30,1338
150000,内蒙古自治区,152200,兴安盟,5844.16116522292,-1,-1,-1,-1,-1
150000,内蒙古自治区,152500,锡林郭勒盟,5577.38662345812,-1,-1,-1,-1,-1
150000,内蒙古自治区,152900,阿拉善盟,5793.45594633792,-1,-1,-1,-1,-1
210000,辽宁省,210100,沈阳市,5183.73099119937,53522,132000,256,37,1427
210000,辽宁省,210200,大连市,5368.74855283431,42884,246800,174,55,1189
210000,辽宁省,210300,鞍山市,6613.30546203086,11016,195600,271,31,1082
210000,辽宁省,210400,抚顺市,6611.56160858406,9045,176600,-1,-1,-1
210000,辽宁省,210500,本溪市,7354.68701343216,5624,281700,746,596,28185
210000,辽宁省,210600,丹东市,8170.77138522606,4093,768000,595,400,12966
210000,辽宁省,210700,锦州市,5569.23064126886,-1,61445,342,148,4092
210000,辽宁省,210800,营口市,6234.54430678161,7488,79400,209,137,3030
210000,辽宁省,210900,阜新市,5492.36449969846,6000,51782,146,90,2095
210000,辽宁省,211000,辽阳市,6410.96871635429,4926,63602,234,78,1846
210000,辽宁省,211100,盘锦市,6048.15309408047,5149,20110,295,95,-1
210000,辽宁省,211200,铁岭市,6397.34648873472,2555,129600,231,93,-1
210000,辽宁省,211300,朝阳市,4192.53262956837,2166,108974,185,75,1070
210000,辽宁省,211400,葫芦岛市,5313.82236692279,3659,81100,175,86,2933
220000,吉林省,220100,长春市,6980.67841022852,25603,343000,130,102,1942
220000,吉林省,220200,吉林市,8522.42813509359,8179,966900,292,43,1538
220000,吉林省,220300,四平市,6330.73801261406,1891,162100,336,61,1111
220000,吉林省,220400,辽源市,7389.16716693436,3341,71500,276,97,2566
220000,吉林省,220500,通化市,8097.43853266094,2031,524200,-1,-1,-1
220000,吉林省,220600,白山市,8784.34255277442,1596,1012000,751,-1,10798
220000,吉林省,220700,松原市,5851.63707019201,3087,112800,414,180,4979
220000,吉林省,220800,白城市,5402.89788779333,1011,256000,319,68,830
220000,吉林省,222400,延边朝鲜族自治州,7503.25546289909,-1,-1,-1,-1,-1
230000,黑龙江省,230100,哈尔滨市,7218.10391919478,29329,1847500,117,45,964
230000,黑龙江省,230200,齐齐哈尔市,6290.5195184167,-1,632300,216,43,1339
230000,黑龙江省,230300,鸡西市,6179.12471557499,-1,-1,118,53,898
230000,黑龙江省,230400,鹤岗市,6618.02215428478,2252,315400,275,56,1445
230000,黑龙江省,230500,双鸭山市,6753.61478904501,2075,257700,190,49,639
230000,黑龙江省,230600,大庆市,6007.19236269959,23356,236300,-1,-1,-1
230000,黑龙江省,230700,伊春市,7483.75356206957,2579,1075600,952,551,11851
230000,黑龙江省,230800,佳木斯市,6290.70449712871,2840,523500,530,133,-1
230000,黑龙江省,230900,七台河市,6531.3166494135,2298,88579,173,-1,-1
230000,黑龙江省,231000,牡丹江市,7679.84004122355,3476,1082300,100,61,1182
230000,黑龙江省,231100,黑河市,6680.93848440306,600,1603900,141,47,1119
230000,黑龙江省,231200,绥化市,6906.4790975518,-1,-1,273,137,3930
230000,黑龙江省,232700,大兴安岭地区,5327.45563526348,-1,-1,-1,-1,-1
310000,上海市,310000,上海市,13558.5683551066,243514,387000,114,73,1478
320000,江苏省,320100,南京市,12388.3261893952,92176,320800,233,77,1781
320000,江苏省,320200,无锡市,12699.0849374343,34495,277948,78,48,930
320000,江苏省,320300,徐州市,9898.53282174745,18242,510400,252,87,2060
320000,江苏省,320400,常州市,12660.712964483,27210,204800,159,19,344
320000,江苏省,320500,苏州市,12880.5374101546,59731,385300,524,83,-1
320000,江苏省,320600,南通市,12215.9299937956,20973,402134,1462,1459,105941
320000,江苏省,320700,连云港市,9581.02852725412,10585,125000,-1,-1,-1
320000,江苏省,320800,淮安市,11045.7222026762,13138,383280,697,689,43818
320000,江苏省,320900,盐城市,10655.7941119279,9069,537150,497,261,17027
320000,江苏省,321000,扬州市,11561.3285330825,15528,215600,1045,340,9932
320000,江苏省,321100,镇江市,12144.7535805441,12798,123433,382,301,15149
320000,江苏省,321200,泰州市,11858.4684172793,9210,204840,704,360,23815
320000,江苏省,321300,宿迁市,10664.6906646613,6373,273200,763,215,8929
330000,浙江省,330100,杭州市,16220.8764053118,76667,1462357,534,223,4551
330000,浙江省,330200,宁波市,14876.0728425699,53210,666000,561,333,7625
330000,浙江省,330300,温州市,15212.3563788833,24865,1284668,825,244,5839
330000,浙江省,330400,嘉兴市,14246.4756624308,7733,365060,459,233,7043
330000,浙江省,330500,湖州市,14312.7110864375,9225,522577,271,103,5108
330000,浙江省,330600,绍兴市,14040.4144446894,35004,598192,503,164,5021
330000,浙江省,330700,金华市,14003.6463515222,8765,588018,591,176,2921
330000,浙江省,330800,衢州市,14699.3501483289,5158,806382,-1,-1,-1
330000,浙江省,330900,舟山市,9961.2034095528,4860,69328,774,625,35778
330000,浙江省,331000,台州市,14113.0518090456,15967,779732,603,293,22504
330000,浙江省,331100,丽水市,14642.6665811727,4175,1332581,829,171,13310
340000,安徽省,340100,合肥市,13391.5391918385,46358,543100,360,91,3319
340000,安徽省,340200,芜湖市,12520.9078884327,15190,343000,267,112,5048
340000,安徽省,340300,蚌埠市,12578.447989911,8512,315943,447,222,9234
340000,安徽省,340400,淮南市,12019.5593408069,6780,250100,489,98,4861
340000,安徽省,340500,马鞍山市,12083.710633331,8363,213100,258,85,2066
340000,安徽省,340600,淮北市,9740.89384894188,3580,131523,97,71,2227
340000,安徽省,340700,铜陵市,11822.4493760072,6559,144100,605,162,8563
340000,安徽省,340800,安庆市,13333.8023125292,7505,920300,270,41,2123
340000,安徽省,341000,黄山市,15337.9420505639,3947,901200,-1,-1,-1
340000,安徽省,341100,滁州市,12644.1149630157,5817,625400,758,276,27148
340000,安徽省,341200,阜阳市,10597.5956289127,5435,367885,389,150,7747
340000,安徽省,341300,宿州市,10304.6341470118,2548,488055,384,115,4793
340000,安徽省,341500,六安市,13087.0604435142,5281,1198500,390,182,4426
340000,安徽省,341600,亳州市,9556.65945060603,2597,269775,229,83,4441
340000,安徽省,341700,池州市,13643.0781300707,2794,668100,218,105,2361
340000,安徽省,341800,宣城市,14297.1933722764,3398,977700,171,74,3855
350000,福建省,350100,福州市,14683.1298541718,31436,743900,528,74,3313
350000,福建省,350200,厦门市,13625.5666461628,42248,94220,149,46,2214
350000,福建省,350300,莆田市,13089.4911378495,6664,320500,454,56,2486
350000,福建省,350400,三明市,14897.8576509076,3312,1445000,1071,229,3523
350000,福建省,350500,泉州市,12970.6516014441,14872,785100,657,191,1626
350000,福建省,350600,漳州市,13777.0359309189,5853,1042300,589,220,3130
350000,福建省,350700,南平市,14975.7367603833,3259,1534100,657,168,1679
350000,福建省,350800,龙岩市,14548.452832218,4974,1035200,162,67,1665
350000,福建省,350900,宁德市,16914.8198164685,2024,1183200,279,87,2127
360000,江西省,360100,南昌市,15184.7108078712,35733,631900,-1,-1,-1
360000,江西省,360200,景德镇市,17736.7057064392,4092,498400,703,282,17031
360000,江西省,360300,萍乡市,13642.3166908266,3384,242900,243,237,18078
360000,江西省,360400,九江市,15554.722094326,7943,1040000,360,241,3255
360000,江西省,360500,新余市,14102.8076576288,5500,191300,289,28,2122
360000,江西省,360600,鹰潭市,16303.5220924208,2304,302900,755,114,7576
360000,江西省,360700,赣州市,14508.039554824,13879,2229200,521,62,2903
360000,江西省,360800,吉安市,15191.4423729083,3911,1570400,320,86,1821
360000,江西省,360900,宜春市,14360.2428941113,4927,1410000,319,105,2447
360000,江西省,361000,抚州市,15319.2212349683,5401,1258900,354,50,1793
360000,江西省,361100,上饶市,15970.9067947879,6420,2115000,-1,-1,-1
370000,山东省,370100,济南市,7651.57795066989,29128,194500,532,306,16083
370000,山东省,370200,青岛市,7887.8526317137,43298,-1,170,48,3553
370000,山东省,370300,淄博市,8039.75626771685,18546,172234,200,89,1989
370000,山东省,370400,枣庄市,9149.81394902637,4534,106900,523,100,4745
370000,山东省,370500,东营市,8170.07595917478,14610,185400,125,87,3011
370000,山东省,370600,烟台市,6114.06345321964,16663,219657,129,24,1115
370000,山东省,370700,潍坊市,8282.64365372801,12715,498455,981,227,7530
370000,山东省,370800,济宁市,8086.08415129906,6436,257557,539,59,1839
370000,山东省,370900,泰安市,7903.53005598732,6663,174799,605,116,3120
370000,山东省,371000,威海市,7527.49701400427,7543,103000,432,170,3350
370000,山东省,371100,日照市,8783.46997583506,6759,197400,789,-1,3292
370000,山东省,371300,临沂市,8825.31915535667,14281,430100,-1,-1,-1
370000,山东省,371400,德州市,6436.13581567062,4185,154389,656,548,16453
370000,山东省,371500,聊城市,6499.71816519659,4417,130300,818,-1,18473
370000,山东省,371600,滨州市,7051.62153893103,9685,-1,434,289,6787
370000,山东省,371700,菏泽市,8387.38805155452,4491,218400,423,245,4430
410000,河南省,410100,郑州市,6489.29363274163,34923,72788,197,112,3603
410000,河南省,410200,开封市,6638.61154708011,7403,92739,654,191,6334
410000,河南省,410300,洛阳市,7571.92052974366,10765,188309,914,193,4829
410000,河南省,410400,平顶山市,8623.03669487318,10128,163291,891,188,3286
410000,河南省,410500,安阳市,7094.03976344097,5686,119992,573,172,2708
410000,河南省,410600,鹤壁市,6885.8083707733,3620,26778,257,135,3078
410000,河南省,410700,新乡市,5592.07875414877,7058,117943,307,138,2885
410000,河南省,410800,焦作市,7044.31351791622,4516,73065,129,129,1804
410000,河南省,410900,濮阳市,7147.67235475772,6846,56869,1180,278,6028
410000,河南省,411000,许昌市,8056.41106333962,3772,55371,598,125,2602
410000,河南省,411100,漯河市,8868.23765246644,2570,-1,645,127,437
410000,河南省,411200,三门峡市,6577.80893206328,2075,110837,397,110,3815
410000,河南省,411300,南阳市,8821.2198887487,5568,585161,1025,235,2411
410000,河南省,411400,商丘市,8921.84163775929,7100,178733,-1,-1,-1
410000,河南省,411500,信阳市,10868.0332657429,3869,1142100,864,376,21982
410000,河南省,411600,周口市,8662.29288723162,2431,256310,560,171,3286
410000,河南省,411700,驻马店市,10097.5982941839,4751,567698,740,206,6358
410000,河南省,419001,济源市,7075.2918064991,-1,-1,-1,-1,-1
420000,湖北省,420100,武汉市,11930.3410407664,115958,351600,570,111,4030
420000,湖北省,420200,黄石市,12782.5142781787,7058,264400,627,117,4045
420000,湖北省,420300,十堰市,8404.36037314534,10395,629652,171,65,1957
420000,湖北省,420500,宜昌市,10182.8522586109,13578,1098323,656,108,4299
420000,湖北省,420600,襄阳市,9216.48229476183,10326,454513,373,75,3076
420000,湖北省,420700,鄂州市,12576.4951616325,6225,75507,435,73,2401
420000,湖北省,420800,荆门市,10372.9111060103,4358,362800,509,134,2501
420000,湖北省,420900,孝感市,10430.966055714,4087,239746,267,135,1346
420000,湖北省,421000,荆州市,11774.3323763644,7299,768177,227,63,1576
420000,湖北省,421100,黄冈市,12615.2108387333,3306,847045,1238,202,3073
420000,湖北省,421200,咸宁市,14162.7014946033,3507,901200,999,187,4500
420000,湖北省,421300,随州市,9600.75727890017,3864,152235,912,156,2832
420000,湖北省,422800,恩施土家族苗族自治州,12497.3308120637,-1,-1,-1,-1,-1
420000,湖北省,429004,仙桃市,12210.7827603209,-1,-1,-1,-1,-1
420000,湖北省,429005,潜江市,11349.9231191949,-1,-1,-1,-1,-1
420000,湖北省,429006,天门市,11170.161866248,-1,-1,-1,-1,-1
420000,湖北省,429021,神农架林区,9030.90600709562,-1,-1,-1,-1,-1
430000,湖南省,430100,长沙市,12577.3281225656,65054,494800,1259,64,1673
430000,湖南省,430200,株洲市,13555.3496197848,15233,737100,964,85,2250
430000,湖南省,430300,湘潭市,12849.8487473598,7772,201500,-1,-1,-1
430000,湖南省,430400,衡阳市,12836.503506222,11584,838700,884,869,56722
430000,湖南省,430500,邵阳市,12780.1988833185,6101,1158000,273,135,3952
430000,湖南省,430600,岳阳市,12281.9661144113,6294,765600,347,119,6715
430000,湖南省,430700,常德市,12495.2646804481,7470,1181053,392,127,5020
430000,湖南省,430800,张家界市,13054.7009146402,2417,913700,592,227,5657
430000,湖南省,430900,益阳市,12684.7153481769,5259,819310,111,108,3759
430000,湖南省,431000,郴州市,14115.0979621423,6136,1541000,293,61,2363
430000,湖南省,431100,永州市,14584.6891945934,7780,1771000,518,96,2863
430000,湖南省,431200,怀化市,12566.1985971128,4554,1478477,641,110,4189
430000,湖南省,431300,娄底市,12050.8943872846,4775,410200,741,35,1907
430000,湖南省,433100,湘西土家族苗族自治州,13598.5951666861,-1,-1,-1,-1,-1
440000,广东省,440100,广州市,17484.3624038468,202559,747559,305,63,2199
440000,广东省,440200,韶关市,15082.4815302458,7861,1756000,251,59,2451
440000,广东省,440300,深圳市,17020.8158554588,160429,226396,-1,-1,-1
440000,广东省,440400,珠海市,19916.9607719013,36614,201800,729,348,47120
440000,广东省,440500,汕头市,14550.9519542712,23697,-1,403,130,9414
440000,广东省,440600,佛山市,17503.3728617637,122131,367000,289,87,4570
440000,广东省,440700,江门市,19644.1387313527,21092,1596000,801,101,6899
440000,广东省,440800,湛江市,15927.6511370486,11661,962900,828,70,3384
440000,广东省,440900,茂名市,15758.2243628843,7677,1224353,569,110,4363
440000,广东省,441200,肇庆市,16405.9057393551,13564,1491900,605,141,4477
440000,广东省,441300,惠州市,15879.1795766468,25934,1255300,170,53,1458
440000,广东省,441400,梅州市,13744.4022835673,5451,1145900,478,136,3663
440000,广东省,441500,汕尾市,16918.3055868805,3527,608000,535,79,3879
440000,广东省,441600,河源市,14521.3486713387,5220,1256126,645,118,3947
440000,广东省,441700,阳江市,20855.3732987347,7301,1418300,524,40,3139
440000,广东省,441800,清远市,15665.3103410909,12121,2373900,455,61,3578
440000,广东省,441900,东莞市,16920.7583250732,-1,238890,-1,-1,-1
440000,广东省,442000,中山市,20080.6723119784,-1,231100,928,913,166500
440000,广东省,445100,潮州市,14003.0710898344,-1,270025,337,92,5204
440000,广东省,445200,揭阳市,15702.486326065,6930,637091,455,445,65668
440000,广东省,445300,云浮市,16070.2978771786,3507,719000,127,123,12877
450000,广西壮族自治区,450100,南宁市,12888.5708590329,47916,1442000,569,560,14354
450000,广西壮族自治区,450200,柳州市,13069.5530492795,17545,1317000,437,428,-1
450000,广西壮族自治区,450300,桂林市,14842.7112693257,12780,2565600,399,144,7290
450000,广西壮族自治区,450400,梧州市,14450.3150605077,6376,1244000,848,167,7246
450000,广西壮族自治区,450500,北海市,14640.5660196497,7211,266000,811,300,5017
450000,广西壮族自治区,450600,防城港市,14700.4743726458,4204,889800,450,142,5800
450000,广西壮族自治区,450700,钦州市,14854.1977540913,5731,838000,381,159,13751
450000,广西壮族自治区,450800,贵港市,13840.9693485613,4616,819100,548,97,3248
450000,广西壮族自治区,450900,玉林市,14404.5416343061,6755,1015900,356,52,1675
450000,广西壮族自治区,451000,百色市,12355.7576749245,3279,2510000,373,32,2516
450000,广西壮族自治区,451100,贺州市,14109.6164625084,2037,853000,300,122,4312
450000,广西壮族自治区,451200,河池市,12586.0114435708,3599,2442825,443,144,4856
450000,广西壮族自治区,451300,来宾市,13458.2664243338,2854,1060000,232,-1,-1
450000,广西壮族自治区,451400,崇左市,12864.6965295733,1937,1170000,177,-1,-1
460000,海南省,460100,海口市,17799.3035175697,19149,264200,276,169,-1
460000,海南省,460200,三亚市,15693.5254465914,11267,162200,705,211,4488
460000,海南省,460300,三沙市,12819.0918634665,-1,-1,301,68,1829
460000,海南省,460400,儋州市,22169.7817278724,-1,364400,-1,-1,-1
460000,海南省,469001,五指山市,17637.4453231911,-1,-1,-1,-1,-1
460000,海南省,469002,琼海市,19229.9290995391,-1,-1,-1,-1,-1
460000,海南省,469005,文昌市,17209.9408932977,-1,-1,-1,-1,-1
460000,海南省,469006,万宁市,17862.5789013885,-1,-1,-1,-1,-1
460000,海南省,469007,东方市,16287.9716656924,-1,-1,-1,-1,-1
460000,海南省,469021,定安县,18746.5861362457,-1,-1,-1,-1,-1
460000,海南省,469022,屯昌县,19647.8573571753,-1,-1,-1,-1,-1
460000,海南省,469023,澄迈县,19632.5280863752,-1,-1,-1,-1,-1
460000,海南省,469024,临高县,20990.2482120053,-1,-1,-1,-1,-1
460000,海南省,469025,白沙黎族自治县,20295.1887766686,-1,-1,-1,-1,-1
460000,海南省,469026,昌江黎族自治县,17593.1020788281,-1,-1,-1,-1,-1
460000,海南省,469027,乐东黎族自治县,16096.4537038497,-1,-1,-1,-1,-1
460000,海南省,469028,陵水黎族自治县,16709.1399549487,-1,-1,-1,-1,-1
460000,海南省,469029,保亭黎族苗族自治县,16679.1286373373,-1,-1,-1,-1,-1
460000,海南省,469030,琼中黎族苗族自治县,19225.9750036086,-1,-1,-1,-1,-1
500000,重庆市,500000,重庆市,11044.4379881682,124504,5242438,771,381,31460
510000,四川省,510100,成都市,11850.2286439781,94611,-1,390,181,9996
510000,四川省,510300,自贡市,11199.5052495005,5544,154853,538,131,7927
510000,四川省,510400,攀枝花市,8968.57931537991,-1,507280,352,80,3479
510000,四川省,510500,泸州市,10947.0434498491,8062,648704,178,68,4033
510000,四川省,510600,德阳市,10738.7434434435,4327,447519,99,58,1966
510000,四川省,510700,绵阳市,9704.97375183365,10111,1381300,415,152,3115
510000,四川省,510800,广元市,9713.73216463198,3928,995500,561,203,2823
510000,四川省,510900,遂宁市,9278.35901235856,4310,126820,733,113,3843
510000,四川省,511000,内江市,10813.3486338106,3969,146560,421,37,2165
510000,四川省,511100,乐山市,14302.8510252293,5119,1527800,246,121,1334
510000,四川省,511300,南充市,9713.34281864605,9310,432300,433,101,2652
510000,四川省,511400,眉山市,13159.6892428512,4169,628600,269,114,2020
510000,四川省,511500,宜宾市,11117.3469236746,6320,736622,252,38,1199
510000,四川省,511600,广安市,10313.7785505433,2679,216456,-1,-1,-1
510000,四川省,511700,达州市,10134.1690030351,5312,-1,178,174,12726
510000,四川省,511800,雅安市,11670.5131644739,1981,1983600,61,60,4332
510000,四川省,511900,巴中市,10272.4306065528,4662,716800,-1,-1,-1
510000,四川省,512000,资阳市,10347.2094005017,2097,175000,97,-1,-1
510000,四川省,513200,阿坝藏族羌族自治州,8911.63225825444,-1,-1,-1,-1,-1
510000,四川省,513300,甘孜藏族自治州,8755.23959647852,-1,-1,-1,-1,-1
510000,四川省,513400,凉山彝族自治州,10554.6023942532,-1,-1,-1,-1,-1
520000,贵州省,520100,贵阳市,11792.2082972281,29480,480800,3404,2458,69091
520000,贵州省,520200,六盘水市,11420.3347110586,2941,437700,-1,-1,-1
520000,贵州省,520300,遵义市,10783.001994838,-1,-1,1476,831,64080
520000,贵州省,520400,安顺市,12890.8545583089,3436,633600,323,148,3669
520000,贵州省,520500,毕节市,11286.8605886289,3785,1285430,108,66,-1
520000,贵州省,520600,铜仁市,11582.1039825787,2968,1145300,510,152,5721
520000,贵州省,522300,黔西南布依族苗族自治州,11633.340156603,-1,-1,-1,-1,-1
520000,贵州省,522600,黔东南苗族侗族自治州,12500.962664681,-1,-1,-1,-1,-1
520000,贵州省,522700,黔南布依族苗族自治州,12358.6297712395,-1,-1,-1,-1,-1
530000,云南省,530100,昆明市,10279.0212336126,32010,650600,387,94,3025
530000,云南省,530300,曲靖市,10635.386068917,5014,1203375,536,174,6792
530000,云南省,530400,玉溪市,9726.39594005492,3019,468557,301,93,3037
530000,云南省,530500,保山市,11853.184450668,1802,1473300,365,148,3011
530000,云南省,530600,昭通市,10079.9133833778,2091,1328000,412,140,2900
530000,云南省,530700,丽江市,10034.4495923549,2188,657100,351,116,3845
530000,云南省,530800,普洱市,14302.830918401,1757,3449900,728,194,5310
530000,云南省,530900,临沧市,12014.9284813294,1162,1562000,345,120,2918
530000,云南省,532300,楚雄彝族自治州,10296.4431394231,-1,-1,-1,-1,-1
530000,云南省,532500,红河哈尼族彝族自治州,11890.2749191983,-1,-1,-1,-1,-1
530000,云南省,532600,文山壮族苗族自治州,12018.8101535952,-1,-1,-1,-1,-1
530000,云南省,532800,西双版纳傣族自治州,15134.1771299115,-1,-1,-1,-1,-1
530000,云南省,532900,大理白族自治州,10341.0668079722,-1,-1,-1,-1,-1
530000,云南省,533100,德宏傣族景颇族自治州,12005.6029897048,-1,-1,-1,-1,-1
530000,云南省,533300,怒江傈僳族自治州,10880.714567546,-1,-1,-1,-1,-1
530000,云南省,533400,迪庆藏族自治州,8972.24340592633,-1,-1,-1,-1,-1
540000,西藏自治区,540100,拉萨市,6131.75422741479,7403,922200,552,230,3892
540000,西藏自治区,540200,日喀则市,5603.91622011233,-1,-1,462,127,1579
540000,西藏自治区,540300,昌都市,7303.49959255241,-1,-1,666,178,3875
540000,西藏自治区,540400,林芝市,6948.34150134549,-1,-1,153,62,1484
540000,西藏自治区,540500,山南市,6193.61927194597,-1,-1,368,136,3041
540000,西藏自治区,540600,那曲市,6856.9676579665,-1,-1,346,108,1324
540000,西藏自治区,542500,阿里地区,5244.64442825627,-1,-1,-1,-1,-1
610000,陕西省,610100,西安市,5660.42983030186,87516,219000,-1,-1,-1
610000,陕西省,610200,铜川市,5590.43834030919,1647,24600,418,255,18423
610000,陕西省,610300,宝鸡市,7198.02547460764,4948,1316400,349,44,1899
610000,陕西省,610400,咸阳市,5905.63416949224,6469,59100,-1,-1,-1
610000,陕西省,610500,渭南市,5741.42687653094,2178,81700,304,130,1829
610000,陕西省,610600,延安市,6169.45694190624,2360,115000,930,166,-1
610000,陕西省,610700,汉中市,9402.29037026793,3333,1449200,444,49,2214
610000,陕西省,610800,榆林市,5744.15419892571,-1,243200,-1,-1,-1
610000,陕西省,610900,安康市,9057.47317549083,1634,880600,572,316,13541
610000,陕西省,611000,商洛市,7179.76268548173,1030,292600,664,130,3427
620000,甘肃省,620100,兰州市,5486.67397832502,22592,35272,220,74,1691
620000,甘肃省,620200,嘉峪关市,2208.90489132776,1557,-1,264,94,1039
620000,甘肃省,620300,金昌市,4141.79551728226,1842,-1,625,94,1929
620000,甘肃省,620400,白银市,5018.97170681821,2354,23200,123,16,766
620000,甘肃省,620500,天水市,7293.12014734046,3050,172328,254,24,900
620000,甘肃省,620600,武威市,4915.99282646232,2598,149340,241,33,-1
620000,甘肃省,620700,张掖市,4342.69217300433,2364,-1,-1,-1,-1
620000,甘肃省,620800,平凉市,7089.27848941005,999,-1,55,30,2547
620000,甘肃省,620900,酒泉市,4219.39900954507,2405,-1,80,16,-1
620000,甘肃省,621000,庆阳市,6626.08609387453,747,-1,77,12,-1
620000,甘肃省,621100,定西市,6777.25999176094,683,-1,20,5,-1
620000,甘肃省,621200,陇南市,7778.5848516829,600,-1,36,8,-1
620000,甘肃省,622900,临夏回族自治州,6748.99509303798,-1,-1,-1,-1,-1
620000,甘肃省,623000,甘南藏族自治州,7464.93442667127,-1,-1,-1,-1,-1
630000,青海省,630100,西宁市,5578.80602664771,8950,-1,54,-1,-1
630000,青海省,630200,海东市,5961.34357372734,793,-1,-1,-1,-1
630000,青海省,632200,海北藏族自治州,5847.56198250661,-1,-1,-1,-1,-1
630000,青海省,632300,黄南藏族自治州,7031.45355723328,-1,-1,-1,-1,-1
630000,青海省,632500,海南藏族自治州,6788.91954285112,-1,-1,-1,-1,-1
630000,青海省,632600,果洛藏族自治州,7075.43705961068,-1,-1,-1,-1,-1
630000,青海省,632700,玉树藏族自治州,6439.56451745094,-1,-1,-1,-1,-1
630000,青海省,632800,海西蒙古族藏族自治州,5049.58747044727,-1,-1,-1,-1,-1
640000,宁夏回族自治区,640100,银川市,3399.26978320165,11690,18280,987,812,38436
640000,宁夏回族自治区,640200,石嘴山市,3480.20540028352,4212,17290,80,72,1024
640000,宁夏回族自治区,640300,吴忠市,4008.41277571013,2408,15740,378,146,3235
640000,宁夏回族自治区,640400,固原市,7043.66086354144,1265,-1,460,57,1625
640000,宁夏回族自治区,640500,中卫市,4120.39751456605,869,-1,546,91,1762
650000,新疆维吾尔自治区,650100,乌鲁木齐市,2870.17337933272,27462,108816,234,67,1225
650000,新疆维吾尔自治区,650200,克拉玛依市,2014.10517649909,13651,57705,381,113,2092
650000,新疆维吾尔自治区,650400,吐鲁番市,2338.97577654516,955,-1,384,98,-1
650000,新疆维吾尔自治区,650500,哈密市,3011.44979451394,3666,-1,304,101,1186
650000,新疆维吾尔自治区,652300,昌吉回族自治州,3063.06409234018,-1,-1,-1,-1,-1
650000,新疆维吾尔自治区,652700,博尔塔拉蒙古自治州,2156.47940948797,-1,-1,-1,-1,-1
650000,新疆维吾尔自治区,652800,巴音郭楞蒙古自治州,2859.01262136329,-1,-1,-1,-1,-1
650000,新疆维吾尔自治区,652900,阿克苏地区,2580.60298828581,-1,-1,-1,-1,-1
650000,新疆维吾尔自治区,653000,克孜勒苏柯尔克孜自治州,2539.18520369261,-1,-1,-1,-1,-1
650000,新疆维吾尔自治区,653100,喀什地区,1929.22850486995,-1,-1,-1,-1,-1
650000,新疆维吾尔自治区,653200,和田地区,3364.74498956394,-1,-1,-1,-1,-1
650000,新疆维吾尔自治区,654000,伊犁哈萨克自治州,3036.2783172085,-1,-1,-1,-1,-1
650000,新疆维吾尔自治区,654200,塔城地区,2505.25090324241,-1,-1,-1,-1,-1
650000,新疆维吾尔自治区,654300,阿勒泰地区,3484.54221941932,-1,-1,-1,-1,-1
650000,新疆维吾尔自治区,659001,石河子市,2763.05318047143,-1,-1,-1,-1,-1
650000,新疆维吾尔自治区,659002,阿拉尔市,1242.99414114276,-1,-1,-1,-1,-1
650000,新疆维吾尔自治区,659003,图木舒克市,2980.61304796864,-1,-1,-1,-1,-1
650000,新疆维吾尔自治区,659004,五家渠市,2789.01369642701,-1,-1,-1,-1,-1
650000,新疆维吾尔自治区,659005,北屯市,3568.40890558481,-1,-1,-1,-1,-1
650000,新疆维吾尔自治区,659006,铁门关市,982.783133211343,-1,-1,-1,-1,-1
650000,新疆维吾尔自治区,659007,双河市,1515.3475858372,-1,-1,-1,-1,-1
650000,新疆维吾尔自治区,659008,可克达拉市,3557.87048130343,-1,-1,-1,-1,-1
650000,新疆维吾尔自治区,659009,昆玉市,2654.83708915637,-1,-1,-1,-1,-1
650000,新疆维吾尔自治区,659010,胡杨河市,2236.7988282444,-1,-1,-1,-1,-1
